{
   "Synthesizer size": 1818592,
   "Embedding model size": 2904312,
   "Test soft acc": 78.6262581448917,
   "Test hard acc": 83.76419835276722,
   "Train max soft acc": 99.94747754765395,
   "Train max hard acc": 99.96365639523691,
   "Train min loss": 0.0002902177861429781,
   "Vocab Size": 242
}