{
   "Synthesizer size": 1883616,
   "Embedding model size": 3654352,
   "Test soft acc": 79.77983369287718,
   "Test hard acc": 84.01923397531093,
   "Train max soft acc": 99.9487280822336,
   "Train max hard acc": 99.95721247550217,
   "Train min loss": 0.00031575173089813983,
   "Vocab size": 242
}