{
   "Synthesizer size": 1834464,
   "Embedding model size": 3654352,
   "Test soft acc": 80.81657817682662,
   "Test hard acc": 83.30182851977578,
   "Train max soft acc": 99.97149544843597,
   "Train max hard acc": 99.97718977009181,
   "Train min loss": 0.00023903593448208524,
   "Vocab size": 242
}