{
   "Synthesizer size": 1815264,
   "Embedding model size": 1768150,
   "Test soft acc": 79.88231575188098,
   "Test hard acc": 83.45037602599038,
   "Train max soft acc": 99.33779489160032,
   "Train max hard acc": 99.46769980339892,
   "Train min loss": 0.0014557825174227718,
   "Vocab size": 242
}