{
   "Synthesizer size": 1807072,
   "Embedding model size": 1768150,
   "Test soft acc": 81.64999596676614,
   "Test hard acc": 84.95775901011717,
   "Train max soft acc": 98.94841199906725,
   "Train max hard acc": 99.09990421647726,
   "Train min loss": 0.0031053551806948117,
   "Vocab size": 242
}