{
   "Synthesizer size": 845472,
   "Embedding model size": 2904312,
   "Test soft acc": 74.69303643216688,
   "Test hard acc": 80.80835318603582,
   "Train max soft acc": 90.14971002467482,
   "Train max hard acc": 93.24971878480649,
   "Train min loss": 0.017111420000512755,
   "Vocab Size": 242
}