{
   "Synthesizer size": 4182624,
   "Embedding model size": 2904312,
   "Test soft acc": 83.97428658298224,
   "Test hard acc": 86.95350271631824,
   "Train max soft acc": 100.0,
   "Train max hard acc": 100.0,
   "Train min loss": 0.0001151359704841349,
   "Vocab Size": 242
}