{
   "Synthesizer size": 1101808,
   "Embedding model size": 345852,
   "Test soft acc": 68.71571732361207,
   "Test hard acc": 71.04262404262404,
   "Train max soft acc": 75.49670705141958,
   "Train max hard acc": 79.37690871479336,
   "Train min loss": 0.07515553906559944,
   "Vocab size": 125
}