{
   "Synthesizer size": 480432,
   "Embedding model size": 257512,
   "Test soft acc": 61.21717171717172,
   "Test hard acc": 67.87248403770143,
   "Train max soft acc": 58.72280713646624,
   "Train max hard acc": 67.35994297055687,
   "Train min loss": 0.1417620524764061,
   "Vocab Size": 125
}