{
   "Synthesizer size": 1090800,
   "Embedding model size": 113900,
   "Test soft acc": 71.09646464646465,
   "Test hard acc": 72.92190128711867,
   "Train max soft acc": 73.02815305096082,
   "Train max hard acc": 77.56558653635697,
   "Train min loss": 0.09530123397707939,
   "Vocab size": 125
}