{
   "Synthesizer size": 1107184,
   "Embedding model size": 113900,
   "Test soft acc": 70.96799768858592,
   "Test hard acc": 70.57109557109557,
   "Train max soft acc": 75.70383546377673,
   "Train max hard acc": 79.36367319642852,
   "Train min loss": 0.08290969654917717,
   "Vocab size": 125
}