{
   "Synthesizer size": 480432,
   "Embedding model size": 257512,
   "Test soft acc": 62.41845344198286,
   "Test hard acc": 68.27363807363808,
   "Train max soft acc": 57.386936786788944,
   "Train max hard acc": 65.7985728062611,
   "Train min loss": 0.1430259793996811,
   "Vocab Size": 125
}