{
   "Synthesizer size": 1094128,
   "Embedding model size": 257512,
   "Test soft acc": 68.38768780239369,
   "Test hard acc": 67.67439227439229,
   "Train max soft acc": 77.81275445069268,
   "Train max hard acc": 81.47692491984408,
   "Train min loss": 0.06650963835418225,
   "Vocab Size": 125
}