{
   "F-measure": {
      "mean": 0.0,
      "std": 0.0
   },
   "Runtime": {
      "mean": 495.6193299999999,
      "std": 60.66558078236044
   }
}