{
   "F-measure": {
      "mean": -1.0,
      "std": 0.0
   },
   "Accuracy": {
      "mean": 0.415,
      "std": 0.4927220311697053
   },
   "Runtime": {
      "mean": 173.33300350546835,
      "std": 38.82383084807679
   },
   "Length": {
      "mean": 11.445,
      "std": 2.228671128722226
   }
}