{
   "F-measure": {
      "mean": 0.32980699999999996,
      "std": 0.4385289716210321
   },
   "Accuracy": {
      "mean": 0.5976275000000001,
      "std": 0.2749936933708662
   },
   "Runtime": {
      "mean": 248.30379000000002,
      "std": 100.55944504916434
   },
   "Length": {
      "mean": 2.38,
      "std": 0.7972452571197899
   }
}