{
   "F-measure": {
      "mean": 0.0583305,
      "std": 0.1343240377585114
   },
   "Accuracy": {
      "mean": 0.23619049999999997,
      "std": 0.34393748772087934
   },
   "Runtime": {
      "mean": 43.06918040037155,
      "std": 9.195090195187168
   },
   "Length": {
      "mean": 1.01,
      "std": 0.14106735979665885
   }
}