{
   "Synthesizer size": 1143664,
   "Embedding model size": 1297512,
   "Test soft acc": 54.702194357366764,
   "Test hard acc": 64.62105845472985,
   "Train max soft acc": 71.58129021575425,
   "Train max hard acc": 81.57201178252582,
   "Train min loss": 0.05413615331053734,
   "Vocab Size": 133
}