{
   "Synthesizer size": 1151344,
   "Embedding model size": 1645852,
   "Test soft acc": 55.22189440039338,
   "Test hard acc": 66.3361520156652,
   "Train max soft acc": 70.02751646076554,
   "Train max hard acc": 80.56051657316794,
   "Train min loss": 0.05404447019100189,
   "Vocab size": 133
}