{
   "Synthesizer size": 2731248,
   "Embedding model size": 1645852,
   "Test soft acc": 32.60067518688208,
   "Test hard acc": 43.196467719794285,
   "Train Max Soft Acc": 100.0,
   "Train Max Hard Acc": 100.0,
   "Train Min Loss": 0.0034259810539272926
}