{
   "Synthesizer size": 1132144,
   "Embedding model size": 763900,
   "Test soft acc": 54.670280255312825,
   "Test hard acc": 66.03487790100365,
   "Train max soft acc": 67.56291315840087,
   "Train max hard acc": 78.82093714703744,
   "Train min loss": 0.20061716934045157,
   "Vocab size": 133
}