{
   "Synthesizer size": 1566208,
   "Embedding model size": 2485352,
   "Test soft acc": 76.8118785975929,
   "Test hard acc": 83.46283734939196,
   "Train max soft acc": 99.46785776854831,
   "Train max hard acc": 99.59447165623455,
   "Train min loss": 0.00202655154556085,
   "Vocab size": 200
}