{
   "Synthesizer size": 1574400,
   "Embedding model size": 2485352,
   "Test soft acc": 73.60409431838002,
   "Test hard acc": 80.68259571560891,
   "Train max soft acc": 97.51673812283622,
   "Train max hard acc": 98.02841934880429,
   "Train min loss": 0.005100448830298295,
   "Vocab size": 200
}