{
   "Synthesizer size": 1547008,
   "Embedding model size": 1183650,
   "Test soft acc": 73.6350554207697,
   "Test hard acc": 80.87057666889598,
   "Train max soft acc": 98.74567798553142,
   "Train max hard acc": 99.19796973027186,
   "Train min loss": 0.0029718425357714295,
   "Vocab size": 200
}