{
   "Synthesizer size": 1558528,
   "Embedding model size": 1969112,
   "Test soft acc": 80.91128259495606,
   "Test hard acc": 85.65758371280583,
   "Train max soft acc": 98.84715248166764,
   "Train max hard acc": 98.90938183535813,
   "Train min loss": 0.0029228856315297123,
   "Vocab Size": 200
}