{
   "Synthesizer size": 714432,
   "Embedding model size": 1969112,
   "Test soft acc": 72.10370128737476,
   "Test hard acc": 79.47819987135712,
   "Train max soft acc": 83.35775561378169,
   "Train max hard acc": 88.8066655081692,
   "Train min loss": 0.032783253951684424,
   "Vocab Size": 200
}